{
    "loss": 6.360599994659424,
    "accuracy": 0.694915235042572
}